id,name,postal,province,city,industry,rev_band,revenue_m,employees,founded,status,website,phone,description,news1_title,news1_date,news1_url,news2_title,news2_date,news2_url,news3_title,news3_date,news3_url,lat,lng,pop,area_type
1,Axiom Cloud Solutions,M5V,ON,Toronto,Technology,enterprise,245,1850,2008,Customer,axiomcloud.ca,416-555-0101,"Axiom Cloud Solutions is a Toronto-based enterprise software company specializing in cloud infrastructure management and DevOps automation. Serving over 400 clients across North America, Axiom helps organizations accelerate digital transformation through AI-driven deployment pipelines and multi-cloud governance platforms.","Axiom Cloud Raises $40M Series C to Expand US Operations",2024-03-15,https://techcrunch.com,"Axiom Launches AI-Powered Cost Optimizer for AWS & Azure",2024-01-28,https://businesswire.com,"Axiom Named Top 10 Cloud Innovators by CIO Review",2023-11-10,https://cioreview.com,43.6426,-79.3871,28400,Urban
2,NorthBridge Capital,M5V,ON,Toronto,Finance,large,88,420,2015,Customer,northbridgecap.ca,416-555-0202,"NorthBridge Capital is a Canadian mid-market private equity firm managing over $1.2B in assets. The firm focuses on growth equity investments in technology-enabled businesses across Canada and the northeastern United States, with a portfolio spanning fintech, healthcare IT, and industrial software.","NorthBridge Closes $320M Fund IV for Canadian Mid-Market",2024-04-02,https://privateequitywire.co.uk,"NorthBridge Backs AI Startup Meridian Analytics",2024-02-14,https://globeandmail.com,"NorthBridge Named Private Equity Firm of the Year – Canada",2023-10-05,https://privateequityinternational.com,43.6426,-79.3871,28400,Urban
3,BrightPath Media,M5V,ON,Toronto,Technology,mid,32,180,2019,Prospect,brightpathmedia.ca,416-555-0303,"BrightPath Media is a Toronto-based digital marketing and content intelligence platform. The company offers AI-powered content analytics, influencer matching, and programmatic advertising solutions to mid-market brands across Canada.","BrightPath Launches Real-Time Content Performance Dashboard",2024-03-20,https://marketingmag.ca,"BrightPath Partners with Rogers Media for Digital Ad Network",2024-01-09,https://adweek.com,"BrightPath CEO Named to Canada's 40 Under 40 List",2023-09-22,https://canadianbusiness.com,43.6426,-79.3871,28400,Urban
4,Maple Leaf Ventures,M5V,ON,Toronto,Finance,mid,45,95,2017,Customer,mapleleafvc.ca,416-555-0404,"Maple Leaf Ventures is an early-stage venture capital firm investing in Canadian deep tech, cleantech, and digital health startups. With $180M under management, the firm backs founders from pre-seed through Series A and provides hands-on operational support through its 90-day founder program.","Maple Leaf Ventures Announces $75M Fund III",2024-02-20,https://betakit.com,"Portfolio Company CleanVolt Raises $12M with Maple Leaf Lead",2024-01-15,https://techcrunch.com,"Maple Leaf Ventures Opens Vancouver Office",2023-08-30,https://biv.com,43.6426,-79.3871,28400,Urban
5,Fusion Eats Co,M5V,ON,Toronto,Food & Beverage,small,6.5,55,2021,Prospect,fusioneats.ca,416-555-0505,"Fusion Eats Co is a Toronto food-tech startup operating a ghost kitchen network across the GTA. The company powers over 15 virtual restaurant brands through a single production hub, leveraging data-driven menu optimization and third-party delivery platform integrations to maximize order volume.","Fusion Eats Expands to 8 New Ghost Kitchen Locations in GTA",2024-03-01,https://foodserviceandhospitality.com,"Fusion Eats Partners with DoorDash Canada for Exclusive Brands",2024-01-22,https://restaurantbusinessonline.com,"Fusion Eats Named Best Food Tech Startup at Canadian Innovation Awards",2023-11-05,https://innovationawards.ca,43.6426,-79.3871,28400,Urban
6,Vertex Analytics,M5T,ON,Toronto,Technology,mid,28,160,2016,Customer,vertexanalytics.ca,416-555-0606,"Vertex Analytics delivers real-time business intelligence and data pipeline solutions to financial services and retail clients. Its platform integrates with over 200 data sources and offers pre-built industry models, enabling non-technical users to generate actionable insights through natural language queries.","Vertex Analytics Releases GPT-Powered Query Engine",2024-04-10,https://datanami.com,"Vertex Signs Enterprise Deal with TD Bank for Data Platform",2024-02-28,https://financialpost.com,"Vertex Analytics Wins Deloitte Fast 50 Award",2023-10-18,https://deloitte.ca,43.6534,-79.3965,19200,Urban
7,Heritage Health Group,M5T,ON,Toronto,Healthcare,large,72,640,2009,Customer,heritagehealth.ca,416-555-0707,"Heritage Health Group operates a network of 14 private medical clinics and diagnostic imaging centers across the Greater Toronto Area. The company offers family medicine, physiotherapy, occupational health, and corporate wellness programs to over 120,000 patients annually.","Heritage Health Acquires 3 Clinics in Mississauga",2024-03-12,https://healthcarebusiness.com,"Heritage Health Launches Virtual Care Platform for Corporate Clients",2024-01-30,https://canadianhealthcaretechnology.com,"Heritage Health Wins Ontario Ministry of Health Innovation Grant",2023-12-01,https://ontario.ca,43.6534,-79.3965,19200,Urban
8,Chinatown Grocers Ltd,M5T,ON,Toronto,Retail,small,8.2,110,2001,Inactive,,,416-555-0808,"Chinatown Grocers Ltd is a specialty Asian grocery retailer operating three stores in the Toronto Chinatown district. The company sources produce, dry goods, and prepared foods directly from suppliers in Asia and local Ontario farms, serving both retail and restaurant wholesale customers.","Chinatown Grocers Closes Spadina Ave Location After 22 Years",2024-02-14,https://toronto.com,"Chinatown Grocers Rebrands Two Stores Under New Management",2023-09-08,https://blogto.com,"Chinatown Grocers Files for Creditor Protection",2023-06-20,https://globeandmail.com,43.6534,-79.3965,19200,Urban
9,Rosedale Partners,M4W,ON,Toronto,Finance,enterprise,310,2200,2003,Customer,rosedalepartners.ca,416-555-0909,"Rosedale Partners is one of Canada's leading independent asset managers with $4.2B in AUM. The firm operates fixed income, equity, and alternative investment strategies for institutional clients, family offices, and high-net-worth individuals across Canada and internationally.","Rosedale Partners Acquires Boutique Fixed Income Firm BlueSky Capital",2024-04-05,https://financialpost.com,"Rosedale Partners Launches AI-Driven ESG Screening Platform",2024-02-10,https://responsible-investor.com,"Rosedale Partners Reports Record $4.2B AUM for FY2023",2024-01-15,https://reuters.com,43.6795,-79.3762,15600,Urban
10,Pinnacle Real Estate,M4W,ON,Toronto,Real Estate,large,95,380,2011,Customer,pinnaclere.ca,416-555-1010,"Pinnacle Real Estate is a full-service commercial and residential real estate brokerage and asset management firm. The company manages a portfolio of $1.8B in properties across the GTA, with specializations in mixed-use urban development, purpose-built rentals, and commercial leasing.","Pinnacle Breaks Ground on $220M Mixed-Use Tower in Midtown Toronto",2024-03-28,https://constructioncanada.net,"Pinnacle Real Estate Acquires 4 Rental Buildings in East York",2024-01-20,https://renx.ca,"Pinnacle Wins BOMA Canada Award for Sustainable Building Management",2023-11-14,https://boma.ca,43.6795,-79.3762,15600,Urban
11,GreenMed Pharma,M4W,ON,Toronto,Healthcare,mid,41,290,2014,Prospect,greenmedpharma.ca,416-555-1111,"GreenMed Pharma is a Canadian specialty pharmaceutical company focused on developing and commercializing plant-derived therapeutics. Its pipeline includes three Phase II candidates targeting chronic inflammation, neuropathic pain, and metabolic disorders, with a proprietary botanical extraction platform.","GreenMed Phase II Trial Shows 67% Efficacy for Pain Candidate",2024-04-01,https://businesswire.com,"GreenMed Pharma Secures $22M Strategic Partnership with Pfizer Canada",2024-02-05,https://prnewswire.com,"GreenMed Pharma Listed on TSX Venture Exchange",2023-09-15,https://tsx.com,43.6795,-79.3762,15600,Urban
12,Distillery DevHub,M5A,ON,Toronto,Technology,mid,19,145,2020,Prospect,distillerydev.ca,416-555-1212,"Distillery DevHub is a Toronto product studio and developer platform focused on helping startups build, test, and scale software products. The company offers end-to-end product development, technical co-founding partnerships, and a suite of developer tools for rapid MVP iteration.","Distillery DevHub Launches Startup Accelerator Program",2024-03-14,https://betakit.com,"Distillery DevHub Partners with DMZ at Ryerson for Student Founders",2024-01-25,https://ryerson.ca,"Distillery DevHub Raises $4.5M Pre-Seed Round",2023-10-12,https://techcrunch.com,43.6560,-79.3566,18700,Urban
13,Copper & Grain Brewing,M5A,ON,Toronto,Food & Beverage,small,4.8,42,2018,Customer,coppergrain.ca,416-555-1313,"Copper & Grain Brewing is an independent craft brewery located in the Distillery District. The brewery produces 24 year-round and seasonal beers distributed across Ontario's LCBO network and sold direct-to-consumer through its taproom and online store.","Copper & Grain Opens Second Taproom in Kensington Market",2024-02-28,https://toronto.com,"Copper & Grain Wins Gold at Ontario Brewing Awards",2024-01-12,https://ontariobrewingawards.ca,"Copper & Grain Launches Direct-to-Home Delivery in GTA",2023-08-20,https://thestar.com,43.6560,-79.3566,18700,Urban
14,Urban Loft Realty,M5A,ON,Toronto,Real Estate,small,7.2,28,2019,Prospect,urbanloft.ca,416-555-1414,"Urban Loft Realty is a boutique Toronto real estate brokerage specializing in loft condominiums, artist live-work spaces, and heritage building conversions in the downtown core and east end. The firm represents over 400 transactions annually with a focus on unique and character properties.","Urban Loft Realty Launches First-Time Buyer Digital Concierge",2024-03-05,https://realestateboardtoronto.com,"Urban Loft Realty Expands into Hamilton and Guelph Markets",2024-01-18,https://renx.ca,"Urban Loft Named Best Boutique Brokerage by Toronto Life",2023-07-30,https://torontolife.com,43.6560,-79.3566,18700,Urban
15,AeroTech Aerospace,L4W,ON,Mississauga,Manufacturing,enterprise,520,4100,1995,Customer,aerotech.ca,905-555-1515,"AeroTech Aerospace is a Tier-1 aerospace and defense manufacturer supplying precision components, structural assemblies, and avionics integration systems to Boeing, Airbus, and the Government of Canada. Operating from a 450,000 sq ft facility near Toronto Pearson, AeroTech employs over 4,100 engineers and technicians.","AeroTech Wins $180M Contract to Supply Boeing 787 Structural Components",2024-04-08,https://defensenews.com,"AeroTech Aerospace Invests $45M in Next-Gen CNC Manufacturing Line",2024-02-22,https://aerospacemanufacturing.com,"AeroTech Named Canada's Top Defense Supplier by Canadian Defence Review",2024-01-05,https://canadiandefencereview.com,43.6501,-79.6136,48200,Suburban
16,SkyFreight Logistics,L4W,ON,Mississauga,Logistics,large,68,890,2007,Customer,skyfreight.ca,905-555-1616,"SkyFreight Logistics operates a full-service air cargo and ground freight network connecting Canada's major trade corridors. The company manages 2.4 million shipments annually with cross-dock facilities at Toronto Pearson, Vancouver YVR, and Montreal-Trudeau airports.","SkyFreight Opens New 180,000 sq ft Cross-Dock Hub at Pearson",2024-03-22,https://aircargonews.net,"SkyFreight Partners with Air Canada Cargo for Domestic Network",2024-02-01,https://aircargoworld.com,"SkyFreight Logistics Achieves IATA CEIV Fresh Certification",2023-11-28,https://iata.org,43.6501,-79.6136,48200,Suburban
17,Pharmax Distributors,L4W,ON,Mississauga,Healthcare,mid,34,210,2012,Prospect,pharmax.ca,905-555-1717,"Pharmax Distributors is a Canadian pharmaceutical wholesale and third-party logistics provider serving independent pharmacies, hospital networks, and clinical trial sites. The company maintains temperature-controlled distribution centers in Mississauga and Calgary.","Pharmax Distributors Expands Cold Chain to 8 New Hospital Accounts",2024-04-03,https://drugstorecanada.ca,"Pharmax Launches Digital Order Management Platform for Pharmacy Chains",2024-01-29,https://pharmacypost.ca,"Pharmax Distributors Wins Pharmacy Supply Chain Award",2023-10-20,https://pharmacyassociation.ca,43.6501,-79.6136,48200,Suburban
18,Quantum Retail Systems,L4W,ON,Mississauga,Technology,mid,22,175,2017,Customer,quantumretail.ca,905-555-1818,"Quantum Retail Systems develops enterprise retail management software with capabilities in inventory optimization, demand forecasting, and omnichannel order management. Its platform serves over 80 Canadian retail chains representing 3,200+ store locations across the country.","Quantum Retail Launches AI Demand Forecasting Engine v3.0",2024-03-18,https://chainstoreage.com,"Quantum Retail Partners with Shopify Plus for Enterprise Integration",2024-01-14,https://prnewswire.com,"Quantum Retail Systems Named Gartner Cool Vendor in Retail Tech",2023-09-05,https://gartner.com,43.6501,-79.6136,48200,Suburban
19,Centrix Financial,L5B,ON,Mississauga,Finance,enterprise,180,1450,2001,Customer,centrixfinancial.ca,905-555-1919,"Centrix Financial is a diversified financial services company offering commercial lending, equipment financing, and factoring solutions to Canadian mid-market businesses. With a portfolio exceeding $2.1B, Centrix serves over 1,800 clients across manufacturing, transportation, and construction sectors.","Centrix Financial Launches $500M SME Recovery Lending Program",2024-04-12,https://financialpost.com,"Centrix Acquires Western Canada Equipment Finance Company",2024-02-18,https://canadianmoneysaver.ca,"Centrix Financial Reports 18% YoY Revenue Growth for FY2023",2024-01-10,https://bloomberg.com,43.5890,-79.6440,38600,Suburban
20,MedCore Devices,L5B,ON,Mississauga,Healthcare,large,76,560,2008,Customer,medcoredevices.ca,905-555-2020,"MedCore Devices is a Canadian medical device manufacturer specializing in diagnostic imaging equipment, surgical instruments, and remote patient monitoring systems. The company holds 34 Health Canada approvals and exports to 28 countries through its international distribution network.","MedCore Devices Receives FDA 510(k) Clearance for Remote Monitor",2024-03-30,https://meddeviceonline.com,"MedCore Launches AI Diagnostic Imaging Platform with Sunnybrook",2024-02-08,https://canada.ca,"MedCore Devices Wins Export Development Canada Innovation Award",2023-12-15,https://edc.ca,43.5890,-79.6440,38600,Suburban
21,Greenleaf Foods,L5B,ON,Mississauga,Food & Beverage,mid,15,120,2015,Prospect,greenleaffoods.ca,905-555-2121,"Greenleaf Foods produces plant-based protein products for retail and foodservice markets across Canada and the US. The company's flagship brands include a pea protein burger line and oat-based dairy alternatives distributed in over 3,400 grocery and health food locations.","Greenleaf Foods Launches New Oat Milk Line in 1,200 Loblaws Stores",2024-03-08,https://foodbusinessnews.net,"Greenleaf Secures $8M Strategic Equity from Maple Leaf Foods",2024-01-22,https://businesswire.com,"Greenleaf Foods Named Top Plant-Based Brand by EcoParent Magazine",2023-10-01,https://ecoparent.ca,43.5890,-79.6440,38600,Suburban
22,HorizonTech Systems,L3R,ON,Markham,Technology,enterprise,430,3200,1999,Customer,horizontech.ca,905-555-2222,"HorizonTech Systems is a Markham-based IT solutions integrator and managed services provider serving enterprise clients across North America. The company specializes in hybrid cloud architecture, cybersecurity operations, and digital workplace transformation with a 500+ person technical delivery team.","HorizonTech Wins $95M Federal Cloud Modernization Contract",2024-04-15,https://itworldcanada.com,"HorizonTech Acquires Ottawa Cybersecurity Firm SecureVault",2024-02-25,https://prnewswire.com,"HorizonTech Systems Certified as Microsoft Azure Expert MSP",2024-01-08,https://microsoft.com,43.8561,-79.3370,56200,Suburban
23,Markham Biosciences,L3R,ON,Markham,Healthcare,large,82,640,2006,Customer,markhambiosciences.ca,905-555-2323,"Markham Biosciences is a contract research and development organization providing preclinical testing, bioanalytical services, and regulatory consulting to pharmaceutical and biotech companies. Its ISO 17025-accredited lab performs over 12,000 assays annually for clients in 22 countries.","Markham Biosciences Expands Genomics Lab with $15M Investment",2024-03-25,https://labmanager.com,"Markham Biosciences Partners with University of Toronto for Drug Discovery",2024-01-30,https://utoronto.ca,"Markham Biosciences Achieves EMA GLP Compliance Certification",2023-11-20,https://ema.europa.eu,43.8561,-79.3370,56200,Suburban
24,Pacific Rim Trading,L3R,ON,Markham,Retail,mid,27,185,2013,Prospect,pacificrimtrading.ca,905-555-2424,"Pacific Rim Trading is a wholesale and retail distributor of Asian consumer goods, electronics, and specialty foods serving the Greater Toronto and Vancouver markets. The company operates two large-format showrooms and an e-commerce platform serving both B2B and B2C customers.","Pacific Rim Trading Launches Same-Day GTA Delivery Service",2024-02-20,https://retailinsider.com,"Pacific Rim Trading Opens 25,000 sq ft Markham Showroom",2024-01-05,https://markhameconomist.com,"Pacific Rim Trading Named Top Asian Specialty Retailer by Retail Council",2023-08-14,https://retailcouncil.org,43.8561,-79.3370,56200,Suburban
25,DeltaLogix Software,L3R,ON,Markham,Technology,mid,38,290,2016,Customer,deltalogix.ca,905-555-2525,"DeltaLogix Software develops ERP and supply chain management solutions for Canadian manufacturers and distributors. The company's flagship platform integrates procurement, inventory, production scheduling, and financial reporting in a single cloud-native environment.","DeltaLogix Releases Version 8.0 with Generative AI Assistant",2024-04-02,https://enterprisetimes.co.uk,"DeltaLogix Wins Canadian Manufacturing Technology Deal of the Year",2024-02-12,https://mfgmag.com,"DeltaLogix Partners with SAP Canada as Preferred ISV",2023-09-28,https://sap.com,43.8561,-79.3370,56200,Suburban
26,FedTech Solutions,K1A,ON,Ottawa,Technology,large,91,720,2010,Customer,fedtech.ca,613-555-2626,"FedTech Solutions is Ottawa's leading federal IT services company, providing application development, data analytics, and cybersecurity solutions to over 25 Government of Canada departments. The company holds Secret-level security clearance and specializes in modernizing legacy systems.","FedTech Wins $38M Treasury Board Digital Services Contract",2024-04-10,https://itworldcanada.com,"FedTech Solutions Achieves PBMM Cloud Compliance Certification",2024-02-05,https://canada.ca,"FedTech Named Top Government Technology Employer in Canada",2023-10-25,https://mediacorp.ca,45.4215,-75.7002,8200,Urban
27,Capital Analytics,K2P,ON,Ottawa,Technology,mid,24,180,2018,Prospect,capitalanalytics.ca,613-555-2727,"Capital Analytics is an Ottawa-based data science consultancy serving public sector and regulated industry clients. The company offers machine learning model development, geospatial analytics, and evidence-based policy research tools for federal and provincial government agencies.","Capital Analytics Launches GovAI Platform for Policy Simulation",2024-03-18,https://govinsider.asia,"Capital Analytics Partners with Statistics Canada on Census Data Platform",2024-01-28,https://statcan.gc.ca,"Capital Analytics Named Best Place to Work in Ottawa Tech",2023-11-10,https://ottawabusiness.com,45.4120,-75.6954,18700,Urban
28,OttawaHealth Clinics,K2P,ON,Ottawa,Healthcare,mid,18,245,2014,Customer,ottawahealth.ca,613-555-2828,"OttawaHealth Clinics is a network of 6 interdisciplinary primary care and rehabilitation clinics serving the National Capital Region. The group employs family physicians, nurse practitioners, physiotherapists, and mental health professionals, offering extended evening and weekend hours.","OttawaHealth Expands Mental Health Services with 12 New Therapists",2024-03-22,https://ottawacitizen.com,"OttawaHealth Launches AI-Powered Appointment Scheduling System",2024-01-15,https://canadianhealthcaretechnology.com,"OttawaHealth Clinics Accredited by Accreditation Canada",2023-09-05,https://accreditation.ca,45.4120,-75.6954,18700,Urban
29,Rideau Property Group,K1N,ON,Ottawa,Real Estate,large,65,320,2009,Prospect,rideauproperty.ca,613-555-2929,"Rideau Property Group is an Ottawa-based commercial real estate developer and property manager with a focus on federal government leasing, tech campus developments, and mixed-use urban intensification projects in the National Capital Region and Eastern Ontario.","Rideau Property Group Breaks Ground on $85M Kanata Tech Campus",2024-04-05,https://ottawabusiness.com,"Rideau Property Signs Long-Term Lease with PSPC for New Federal Building",2024-02-14,https://canada.ca,"Rideau Property Group Wins NAIOP Ottawa Developer of the Year",2023-10-18,https://naiop.org,45.4308,-75.6836,22600,Urban
30,Pacific Edge Technologies,V6B,BC,Vancouver,Technology,enterprise,295,2400,2004,Customer,pacificedge.ca,604-555-3030,"Pacific Edge Technologies is Vancouver's premier digital transformation and software engineering company, serving Fortune 500 clients across North America and Asia-Pacific. Specializing in enterprise mobile applications, API integration platforms, and AI-driven product development.","Pacific Edge Launches Asia-Pacific Innovation Hub in Singapore",2024-04-08,https://techcrunch.com,"Pacific Edge Technologies Wins Microsoft Global Partner of the Year",2024-02-20,https://microsoft.com,"Pacific Edge Reports Record $295M Revenue on International Expansion",2024-01-12,https://biv.com,49.2827,-123.1207,35200,Urban
31,Harbour Finance Corp,V6B,BC,Vancouver,Finance,large,78,510,2011,Customer,harbourfinance.ca,604-555-3131,"Harbour Finance Corp is a Vancouver-based specialty finance company providing real estate bridge lending, equipment finance, and trade credit solutions to Western Canadian businesses. The company manages a $950M loan portfolio with a focus on BC's construction, resource, and agriculture sectors.","Harbour Finance Corp Closes $200M Real Estate Debt Fund",2024-03-30,https://benefitscanada.com,"Harbour Finance Expands Alberta Agriculture Lending Program",2024-01-25,https://albertafarmer.com,"Harbour Finance Named Best Alternative Lender by Canadian Mortgage Awards",2023-11-08,https://canadianmortgageawards.com,49.2827,-123.1207,35200,Urban
32,Cedar & Stone Design,V6B,BC,Vancouver,Real Estate,mid,31,140,2017,Prospect,cedarstone.ca,604-555-3232,"Cedar & Stone Design is a Vancouver-based architecture, interior design, and real estate development company focused on sustainable mixed-use and residential projects in BC and the Pacific Northwest. The firm is known for its integration of West Coast timber construction with contemporary design.","Cedar & Stone Wins AIBC Architecture Award for Gastown Mixed-Use",2024-03-15,https://architecturecanada.org,"Cedar & Stone Design Named in Architectural Digest's Global Innovators",2024-01-20,https://architecturaldigest.com,"Cedar & Stone Breaks Ground on Net-Zero Townhome Development in Squamish",2023-10-30,https://constructioncanada.net,49.2827,-123.1207,35200,Urban
33,Westcoast Health Systems,V6B,BC,Vancouver,Healthcare,enterprise,185,1600,2002,Customer,westcoasthealth.ca,604-555-3333,"Westcoast Health Systems is BC's largest private healthcare company operating urgent care centers, surgical clinics, and digital health platforms across British Columbia and Alberta. The company delivers over 350,000 patient visits annually and provides occupational health services to 200+ employers.","Westcoast Health Acquires Fraser Valley Urgent Care Network",2024-04-12,https://healthcarebusiness.com,"Westcoast Health Launches AI-Powered Triage Platform",2024-02-28,https://canadianhealthcaretechnology.com,"Westcoast Health Systems Expands to 4 New Locations in Alberta",2024-01-08,https://calgaryherald.com,49.2827,-123.1207,35200,Urban
34,RainCity Coffee,V6B,BC,Vancouver,Food & Beverage,small,3.9,48,2020,Prospect,raincitycoffee.ca,604-555-3434,"RainCity Coffee is a specialty coffee roaster and café chain with 5 locations across Vancouver and the North Shore. The company sources single-origin beans directly from farm partners in Ethiopia, Colombia, and Guatemala, and offers roaster subscriptions to over 2,000 home subscribers.","RainCity Coffee Opens Fifth Location in Kitsilano",2024-03-10,https://vancouverisawesome.com,"RainCity Coffee Wins Best Espresso at Canadian Coffee Championships",2024-01-28,https://canadiancoffeechampionships.com,"RainCity Coffee Launches Nationwide Direct-to-Consumer Subscription",2023-09-18,https://gourmetretailer.com,49.2827,-123.1207,35200,Urban
35,Sunrise Logistics,V5K,BC,Vancouver,Logistics,mid,29,340,2013,Customer,sunriselogistics.ca,604-555-3535,"Sunrise Logistics provides integrated ground freight, customs brokerage, and last-mile delivery services across British Columbia and into Washington State. The company operates a fleet of 120 vehicles and a 95,000 sq ft distribution center near the Port of Vancouver.","Sunrise Logistics Acquires Pacific Customs Brokerage Firm",2024-03-20,https://canadianshipper.com,"Sunrise Expands Cross-Border US Freight Service with New Blaine Hub",2024-01-30,https://logisticsmgmt.com,"Sunrise Logistics Wins BC Trucking Association Safety Award",2023-11-22,https://bctrucking.com,49.2791,-123.0432,41800,Urban
36,Northgate Manufacturing,V5K,BC,Vancouver,Manufacturing,large,58,780,2006,Inactive,northgatemfg.ca,604-555-3636,"Northgate Manufacturing was a BC-based industrial fabrication company specializing in structural steel, pressure vessels, and custom metalwork for oil & gas, mining, and construction clients. The company ceased active operations in 2023 following a restructuring process.","Northgate Manufacturing Begins Formal Wind-Down Process",2023-08-15,https://vancouversun.com,"Northgate Completes Asset Sale to Ontario Steel Group",2023-10-22,https://constructioncanada.net,"Northgate Manufacturing Workers Reach Severance Agreement with Union",2023-12-05,https://cupe.ca,49.2791,-123.0432,41800,Urban
37,EduCore Learning,V5K,BC,Vancouver,Education,small,9.1,85,2017,Prospect,educore.ca,604-555-3737,"EduCore Learning is a Vancouver-based edtech company offering AI-powered personalized learning platforms for K-12 students and corporate training programs. The platform serves 85,000 active learners across Canada and has been adopted by 12 school districts in BC and Ontario.","EduCore Learning Raises $6M Series A from BDC Capital",2024-03-05,https://betakit.com,"EduCore Partners with BC Ministry of Education for Personalized Learning Pilot",2024-01-20,https://bced.gov.bc.ca,"EduCore Learning Named Best EdTech Startup at Collision Conference",2023-09-12,https://collisionconf.com,49.2791,-123.0432,41800,Urban
38,GreyPoint Capital,V6R,BC,Vancouver,Finance,enterprise,220,1800,2007,Customer,greypointcap.ca,604-555-3838,"GreyPoint Capital is a leading Vancouver-based alternative asset manager specializing in real assets, private credit, and infrastructure investments. With $3.1B under management, the firm invests across Western Canada's energy, real estate, and transportation infrastructure sectors.","GreyPoint Capital Closes $750M Infrastructure Debt Fund",2024-04-01,https://infrastructureinvestor.com,"GreyPoint Backs $1.2B Renewable Energy Portfolio in Alberta",2024-02-12,https://renewableenergyworld.com,"GreyPoint Capital Named Infrastructure Investor of the Year – Canada",2024-01-22,https://privateequityinternational.com,49.2700,-123.1900,18900,Urban
39,CoalHarbour Developments,V7Y,BC,Vancouver,Real Estate,enterprise,145,920,2000,Customer,coalharbourdev.ca,604-555-3939,"CoalHarbour Developments is a Vancouver luxury real estate developer and property manager with a landmark portfolio of high-rise residential towers, boutique hotel conversions, and waterfront commercial properties. The company has developed over $3.5B in real estate in Metro Vancouver.","CoalHarbour Launches $480M Waterfront Tower in False Creek",2024-04-09,https://renx.ca,"CoalHarbour Developments Wins UDI Award for Excellence in Urban Design",2024-02-18,https://udi.bc.ca,"CoalHarbour Breaks Ground on Coal Harbour Hotel Conversion",2023-11-30,https://hotelnewsnow.com,49.2899,-123.1270,12400,Urban
40,Seawall Hospitality,V7Y,BC,Vancouver,Food & Beverage,mid,19,210,2016,Prospect,seawall.ca,604-555-4040,"Seawall Hospitality operates a collection of 8 restaurants and bars along Vancouver's waterfront, ranging from casual seafood to upscale Pacific Northwest fine dining. The group focuses on locally-sourced BC ingredients and sustainable seafood partnerships.","Seawall Hospitality Opens Flagship Restaurant at Shaw Tower",2024-03-25,https://foodserviceandhospitality.com,"Seawall Hospitality Partners with BC Seafood Alliance for Sustainable Sourcing",2024-01-18,https://bcseafood.ca,"Seawall Wins Vancouver Magazine Restaurant Award for Best Waterfront Dining",2023-09-28,https://vanmag.com,49.2899,-123.1270,12400,Urban
41,Fraser Valley Organics,V3R,BC,Surrey,Food & Beverage,mid,13,130,2014,Customer,fraservalleyorganics.ca,604-555-4141,"Fraser Valley Organics is a BC-based certified organic food producer and distributor, growing and processing fruits, vegetables, and specialty grains across 2,400 acres in the Fraser Valley. Products are sold through major grocery chains and their own direct-to-consumer farm box subscription.","Fraser Valley Organics Achieves B Corp Certification",2024-02-28,https://bcorporation.net,"Fraser Valley Launches New Fermented Foods Line at Whole Foods Canada",2024-01-10,https://foodbusinessnews.net,"Fraser Valley Organics Wins BC AgriFood Innovation Excellence Award",2023-10-05,https://gov.bc.ca,49.1293,-122.8396,54600,Suburban
42,Surrey Industrial Group,V3R,BC,Surrey,Manufacturing,large,55,650,2001,Customer,surreyindustrial.ca,604-555-4242,"Surrey Industrial Group is a diversified contract manufacturer providing metal fabrication, powder coating, precision machining, and light assembly services to OEM clients in the automotive, aerospace, and commercial equipment industries across Western Canada.","Surrey Industrial Group Expands EV Component Line for Auto Sector",2024-03-18,https://canadianmanufacturing.com,"Surrey Industrial Group Wins Boeing Supplier Excellence Award",2024-01-28,https://boeing.com,"Surrey Industrial Invests $12M in Robotics Automation Upgrade",2023-11-15,https://canadianmanufacturing.com,49.1293,-122.8396,54600,Suburban
43,Cityline Real Estate,V3R,BC,Surrey,Real Estate,mid,24,110,2018,Prospect,citylinere.ca,604-555-4343,"Cityline Real Estate is a Surrey-based residential developer and property management company focused on transit-oriented development near SkyTrain stations in Metro Vancouver. The company has 1,200 units under development and manages a portfolio of 800 rental units.","Cityline Real Estate Launches 320-Unit TOD Project at Bridgeport Station",2024-04-02,https://renx.ca,"Cityline Secures $55M Construction Financing for Newton Town Centre Project",2024-02-05,https://renx.ca,"Cityline Real Estate Named Surrey Board of Trade Developer of the Year",2023-10-22,https://surrey.ca,49.1293,-122.8396,54600,Suburban
44,Crestview Energy Corp,T2P,AB,Calgary,Energy,enterprise,680,4800,1992,Customer,crestviewenergy.ca,403-555-4444,"Crestview Energy Corp is one of Canada's largest independent oil and natural gas producers, operating across Alberta's Montney, Cardium, and Viking formations. With 2P reserves of 480 MMboe and daily production exceeding 95,000 boe/d, Crestview is a key contributor to Canada's energy security.","Crestview Energy Announces $1.2B Montney Expansion Plan",2024-04-10,https://oil-gas.ca,"Crestview Acquires Tidewater Petroleum for $340M",2024-02-28,https://rigzone.com,"Crestview Energy Reports Q4 2023 Record Production of 97,200 boe/d",2024-01-18,https://calgaryherald.com,51.0486,-114.0708,22300,Urban
45,Prairie Capital Markets,T2P,AB,Calgary,Finance,enterprise,240,1950,2005,Customer,prairiecapital.ca,403-555-4545,"Prairie Capital Markets is a Calgary-headquartered full-service investment dealer providing corporate finance, M&A advisory, and institutional equity trading to the Canadian energy, mining, and agribusiness sectors. The firm has led over $8B in capital raises since inception.","Prairie Capital Markets Advises on $620M Cenovus Acquisition",2024-03-28,https://financialpost.com,"Prairie Capital Markets Launches Cleantech Investment Banking Division",2024-02-10,https://globeandmail.com,"Prairie Capital Ranks #1 in Energy M&A by Deal Count – Q3 2023",2023-10-15,https://bloomberg.com,51.0486,-114.0708,22300,Urban
46,Rockies Tech Hub,T2P,AB,Calgary,Technology,large,63,490,2012,Customer,rockiestech.ca,403-555-4646,"Rockies Tech Hub is Calgary's leading software and data company serving the energy and resources sector. The company builds digital twins, production optimization algorithms, and ESG data management platforms for oil & gas, mining, and utilities clients across North America.","Rockies Tech Hub Launches AI Production Optimization Suite",2024-04-05,https://oilandgasinnovations.com,"Rockies Tech Hub Wins Halliburton Digital Innovation Partnership",2024-02-15,https://halliburton.com,"Rockies Tech Hub Raises $25M Series B for US Energy Market Expansion",2023-11-02,https://techcrunch.com,51.0486,-114.0708,22300,Urban
47,Summit Real Estate,T2P,AB,Calgary,Real Estate,large,74,360,2009,Prospect,summitrealestate.ca,403-555-4747,"Summit Real Estate is a Calgary-based commercial real estate investment and development firm with a portfolio of 4.2M sq ft of office, industrial, and retail properties across Alberta and Saskatchewan. The company specializes in energy sector office leasing and suburban industrial park development.","Summit Real Estate Launches $180M Industrial Development in SE Calgary",2024-03-12,https://renx.ca,"Summit Real Estate Acquires 3 Industrial Parks in Leduc County",2024-01-22,https://edmontonjournal.com,"Summit Wins NAIOP Alberta Developing Leader Award",2023-09-18,https://naiop.org,51.0486,-114.0708,22300,Urban
48,Foothills Manufacturing,T3E,AB,Calgary,Manufacturing,mid,37,410,2007,Customer,foothillsmfg.ca,403-555-4848,"Foothills Manufacturing is a Calgary-based contract manufacturer specializing in custom metal fabrication, pipeline components, and industrial equipment for Alberta's oil & gas and construction industries. The company operates a 120,000 sq ft facility with CNC machining, welding, and coating capabilities.","Foothills Manufacturing Wins CNRL Pipeline Fabrication Contract",2024-03-20,https://dailyoilbulletin.com,"Foothills Expands Facility by 40,000 sq ft to Meet Demand",2024-01-28,https://constructioncanada.net,"Foothills Manufacturing Certified to ISO 3834 Welding Standard",2023-10-10,https://iso.org,51.0232,-114.1268,31200,Urban
49,Willow Health Services,T2J,AB,Calgary,Healthcare,mid,22,195,2016,Prospect,willowhealth.ca,403-555-4949,"Willow Health Services operates a network of 5 interdisciplinary health and wellness clinics in Calgary's south suburban communities. Services include family medicine, chiropractic, sports medicine, psychology, and nutrition counseling, with a strong focus on preventive care.","Willow Health Services Opens New South Calgary SuperClinic",2024-02-25,https://calgaryherald.com,"Willow Health Launches Virtual Mental Health Program",2024-01-12,https://canadianhealthcaretechnology.com,"Willow Health Services Named Best Integrative Clinic by Calgary's Child",2023-08-20,https://calgaryschild.com,50.9560,-113.9980,28900,Suburban
50,Branding Works Agency,T2J,AB,Calgary,Technology,small,7.5,52,2020,Prospect,brandingworks.ca,403-555-5050,"Branding Works Agency is a Calgary digital marketing and brand strategy boutique serving energy, real estate, and professional services companies. The agency specializes in corporate rebranding, account-based marketing campaigns, and B2B content strategies.","Branding Works Wins Calgary Chamber of Commerce Business of the Year",2024-02-14,https://calgarychamber.com,"Branding Works Expands Service Offering to Include Video Production",2024-01-05,https://strategyonline.ca,"Branding Works Agency Named to Alberta Venture Fast Growth 50",2023-09-25,https://albertaventure.com,50.9560,-113.9980,28900,Suburban
51,Boreal Energy Solutions,T5J,AB,Edmonton,Energy,enterprise,380,2900,1998,Customer,borealenergy.ca,780-555-5151,"Boreal Energy Solutions is a leading Edmonton-based oilsands services and engineering company providing process engineering, project management, and field operations support for SAGD and mining operations across the Athabasca oil sands. The company manages over $2B in active project work annually.","Boreal Energy Solutions Wins $420M Imperial Oil SAGD Services Contract",2024-04-08,https://dailyoilbulletin.com,"Boreal Energy Expands to Offshore Support with New Halifax Office",2024-02-20,https://offshore-technology.com,"Boreal Energy Solutions Named Alberta's Top Employer for Engineers",2024-01-06,https://canadastop100.com,53.5461,-113.4937,18900,Urban
52,Capital City Finance,T5J,AB,Edmonton,Finance,large,95,760,2006,Customer,capitalcityfinance.ca,780-555-5252,"Capital City Finance is Edmonton's premier commercial and agricultural lending institution, providing real estate mortgages, equipment finance, and operating credit to Alberta's farming, construction, and SME sectors. The company manages a $1.4B loan book across 18 branch locations.","Capital City Finance Launches $150M Alberta Agriculture Lending Program",2024-03-22,https://albertafarmer.com,"Capital City Finance Opens New Fort McMurray Commercial Banking Branch",2024-02-08,https://edmontonsun.com,"Capital City Finance Reports 22% Loan Portfolio Growth in 2023",2024-01-14,https://financialpost.com,53.5461,-113.4937,18900,Urban
53,University Tech Ventures,T6G,AB,Edmonton,Technology,mid,18,130,2018,Prospect,univentures.ca,780-555-5353,"University Tech Ventures is an Edmonton technology commercialization company that partners with the University of Alberta to bring research innovations to market. The company manages a portfolio of 22 spinout companies in AI, clean energy, agricultural biotech, and advanced materials.","University Tech Ventures Launches $30M Deeptech Commercialization Fund",2024-03-15,https://betakit.com,"UTV Spinout QuantumSense Wins NRC IRAP Innovation Award",2024-01-25,https://nrc-cnrc.gc.ca,"University Tech Ventures Named Best University Commercialization Office by AUTM",2023-11-08,https://autm.net,53.5239,-113.5235,28400,Urban
54,Northlands Healthcare,T6G,AB,Edmonton,Healthcare,large,66,590,2010,Customer,northlandshealth.ca,780-555-5454,"Northlands Healthcare is a privately-operated rehabilitation and long-term care provider with 6 facilities in the Edmonton metropolitan area. The company specializes in post-acute rehabilitation, dementia care, and neurological rehabilitation, serving over 800 residents and outpatients daily.","Northlands Healthcare Opens New 120-Bed Memory Care Residence in Sherwood Park",2024-04-03,https://seniorhousingnews.com,"Northlands Healthcare Partners with AHS for Post-COVID Rehabilitation Program",2024-02-14,https://alberta.ca,"Northlands Healthcare Achieves 5-Star Accreditation from Accreditation Canada",2023-10-12,https://accreditation.ca,53.5239,-113.5235,28400,Urban
55,Central Alberta Ag,T4S,AB,Red Deer,Food & Beverage,mid,14,120,2011,Prospect,centralalbertagroup.ca,403-555-5555,"Central Alberta Ag is a diversified agricultural processing company operating grain handling, flour milling, and pulse processing facilities in Central Alberta. The company supplies local flour mills, pet food manufacturers, and specialty food companies across Western Canada.","Central Alberta Ag Announces $8M Pulse Processing Plant Expansion",2024-02-20,https://albertafarmexpress.ca,"Central Alberta Ag Partners with Cargill Canada for Oat Supply Agreement",2024-01-08,https://foodbusinessnews.net,"Central Alberta Ag Wins Prairie Oat Growers Processor of the Year",2023-09-15,https://prairieoats.ca,52.2460,-113.8240,38700,Urban
56,Midlands Logistics Inc,T4S,AB,Red Deer,Logistics,mid,21,280,2009,Customer,midlandslogistics.ca,403-555-5656,"Midlands Logistics Inc provides regional freight and warehousing services throughout Central Alberta, operating a 200,000 sq ft distribution center in Red Deer that serves as a hub for food grade, refrigerated, and general commodity shipments.","Midlands Logistics Opens New Refrigerated Warehouse in Red Deer",2024-03-10,https://canadianshipper.com,"Midlands Logistics Partners with Sobeys for Western Canada Distribution",2024-01-15,https://supermarketperimeter.com,"Midlands Logistics Wins Canadian Trucking Alliance Safety Award",2023-10-28,https://cantruck.ca,52.2460,-113.8240,38700,Urban
57,Prairie Logistics Group,R3C,MB,Winnipeg,Logistics,large,58,720,2004,Customer,prairielogistics.ca,204-555-5757,"Prairie Logistics Group is Winnipeg's largest independent freight and supply chain company, operating a national LTL network connecting Western Canada to Ontario and Quebec. The company's Winnipeg hub handles over 180,000 shipments monthly for retail, food, and industrial clients.","Prairie Logistics Group Launches Cross-Canada Overnight LTL Network",2024-04-01,https://canadianshipper.com,"Prairie Logistics Acquires BC Coastal Freight Carrier",2024-02-22,https://logisticsmgmt.com,"Prairie Logistics Named Top 50 Canadian Logistics Company",2023-11-18,https://logisticsinsider.ca,49.8881,-97.1472,21800,Urban
58,Keystone Manufacturing,R3C,MB,Winnipeg,Manufacturing,mid,33,380,2008,Customer,keystonemfg.ca,204-555-5858,"Keystone Manufacturing is a Winnipeg-based contract manufacturer producing agricultural equipment components, transit bus parts, and specialty fabrications for OEM clients across North America. The company is certified to CWB, ASME, and ISO 9001 standards.","Keystone Manufacturing Wins New Flyer Transit Bus Component Contract",2024-03-18,https://busride.com,"Keystone Manufacturing Expands to Second Winnipeg Production Facility",2024-01-28,https://winnipegfreepress.com,"Keystone Manufacturing Achieves AIAG IATF 16949 Automotive Certification",2023-09-22,https://iatfglobaloversight.org,49.8881,-97.1472,21800,Urban
59,Northern Health Alliance,R2M,MB,Winnipeg,Healthcare,mid,27,240,2013,Prospect,northernhealth.ca,204-555-5959,"Northern Health Alliance is a Manitoba community health organization operating primary care clinics, mental health services, and Indigenous health programs across Winnipeg's North End and rural Manitoba communities. The organization serves over 18,000 patients annually.","Northern Health Alliance Opens New Indigenous Health Centre in Winnipeg's North End",2024-03-08,https://manitobacooperator.ca,"Northern Health Alliance Receives $3.2M Federal Mental Health Funding",2024-01-22,https://canada.ca,"Northern Health Alliance Wins Manitoba Excellence in Health Innovation Award",2023-11-05,https://gov.mb.ca,49.9163,-97.0897,32400,Suburban
60,Grain Exchange Finance,R3C,MB,Winnipeg,Finance,large,71,480,2007,Customer,grainexchange.ca,204-555-6060,"Grain Exchange Finance is a Winnipeg-based agricultural finance company providing operating credit, crop input financing, and risk management products to Prairie farmers and grain elevators. The company manages a $900M agriculture loan portfolio with clients across Manitoba, Saskatchewan, and Alberta.","Grain Exchange Finance Launches Carbon Credit Financing Program",2024-02-28,https://albertafarmer.com,"Grain Exchange Finance Partners with ADM for Grain Input Credit Program",2024-01-18,https://agweb.com,"Grain Exchange Finance Reports Record Agri-Lending in FY2023",2023-12-10,https://globeandmail.com,49.8881,-97.1472,21800,Urban
61,TechNord Solutions,H2X,QC,Montreal,Technology,enterprise,195,1600,2006,Customer,technord.ca,514-555-6161,"TechNord Solutions is Montreal's leading AI and data engineering company, serving financial institutions, media conglomerates, and telecom providers across North America. The company is recognized for its proprietary natural language processing platform and deep expertise in building conversational AI systems.","TechNord Solutions Raises $60M Series D Led by Teralys Capital",2024-04-12,https://betakit.com,"TechNord Launches Multilingual AI Platform Supporting 14 Languages",2024-02-25,https://prnewswire.com,"TechNord Solutions Named AI Company of the Year at C2 Montreal",2024-01-15,https://c2montreal.com,45.5179,-73.5794,38700,Urban
62,Plateau Creative Studio,H2X,QC,Montreal,Technology,small,5.8,47,2021,Prospect,plateaucreative.ca,514-555-6262,"Plateau Creative Studio is a Montreal-based digital product design and development agency specializing in mobile apps, interactive web experiences, and brand identity systems for consumer startups and cultural institutions. The studio serves clients across Canada, France, and Belgium.","Plateau Creative Studio Wins Interactive Design Award at FWA",2024-03-12,https://thefwa.com,"Plateau Creative Launches Open Source Design System for Quebec Startups",2024-01-20,https://betakit.com,"Plateau Creative Studio Selected for Startup Montréal Accelerator",2023-08-28,https://startupnation.ca,45.5179,-73.5794,38700,Urban
63,McGill Biotech Labs,H3A,QC,Montreal,Healthcare,large,82,640,2011,Customer,mcgillbiotech.ca,514-555-6363,"McGill Biotech Labs is a Montreal-based clinical stage biopharmaceutical company developing novel oncology, immunology, and rare disease therapies. Its lead programs include two Phase III candidates and a proprietary antibody-drug conjugate platform licensed from McGill University.","McGill Biotech Labs Initiates Phase III Trial for Lead Oncology Candidate",2024-04-05,https://businesswire.com,"McGill Biotech Labs Signs Licensing Deal with AstraZeneca for ADC Platform",2024-02-18,https://prnewswire.com,"McGill Biotech Labs Reports Positive Phase II Data at ASCO 2023",2023-06-05,https://asco.org,45.5066,-73.5771,14200,Urban
64,Fleuve Capital,H3A,QC,Montreal,Finance,mid,35,240,2015,Customer,fleuvecapital.ca,514-555-6464,"Fleuve Capital is a Montreal-based impact investment firm managing $480M in sustainable finance across renewable energy, affordable housing, and social enterprise portfolios. The firm is certified as a B Corp and manages both institutional and retail impact investment products.","Fleuve Capital Launches $120M Quebec Renewable Energy Fund",2024-03-22,https://responsible-investor.com,"Fleuve Capital Publishes Annual Impact Report Showing 38% Carbon Reduction",2024-01-28,https://fleuvecapital.ca,"Fleuve Capital Wins IIRC Award for Best Impact Investment Reporting",2023-10-15,https://integratedreporting.org,45.5066,-73.5771,14200,Urban
65,Vieux-MTL Hospitality,H4B,QC,Montreal,Food & Beverage,mid,16,185,2014,Prospect,vieuxmtl.ca,514-555-6565,"Vieux-MTL Hospitality operates 6 restaurants and 2 boutique event spaces in Old Montreal and the Plateau. The group is known for its modern Quebec cuisine featuring local terroir ingredients, and its venues regularly host corporate events, film productions, and cultural gatherings.","Vieux-MTL Hospitality Opens New Restaurant at Hotel William Gray",2024-03-05,https://foodserviceandhospitality.com,"Vieux-MTL Launches Private Event Partnerships with Major Film Studios",2024-01-14,https://variety.com,"Vieux-MTL Hospitality Wins Grand Prix du tourisme québécois",2023-11-25,https://tourisme.gouv.qc.ca,45.4730,-73.6130,36400,Urban
66,Château Logistics,G1K,QC,Quebec City,Logistics,mid,23,290,2010,Customer,chateaulogistics.ca,418-555-6666,"Château Logistics provides specialized freight transportation and customs brokerage services across Quebec and the Maritime provinces, with expertise in temperature-controlled food shipments, retail replenishment, and cross-border Quebec-US freight corridors.","Château Logistics Launches Direct Quebec City to Boston Freight Lane",2024-02-28,https://canadianshipper.com,"Château Logistics Partners with IGA Quebec for Regional Distribution Contract",2024-01-15,https://grocerybusiness.ca,"Château Logistics Wins Quebec City Chamber of Commerce Business Excellence Award",2023-10-05,https://cciquebec.ca,46.8122,-71.2146,12800,Urban
67,Laurentian Energy,G1K,QC,Quebec City,Energy,large,67,520,2003,Customer,laurentianenergy.ca,418-555-6767,"Laurentian Energy is a Quebec-based hydroelectric power producer and energy services company operating 8 run-of-river hydro facilities in the Laurentian Highlands and Chaudière-Appalaches regions. The company supplies clean electricity to Hydro-Québec and industrial clients under long-term power purchase agreements.","Laurentian Energy Commissions New 48 MW Hydro Facility on Rivière-du-Loup",2024-03-18,https://renewableenergyworld.com,"Laurentian Energy Signs 20-Year PPA with Hydro-Québec",2024-01-30,https://hydroquebec.com,"Laurentian Energy Named Quebec Clean Energy Producer of the Year",2023-09-20,https://infras.qc.ca,46.8122,-71.2146,12800,Urban
68,Prairie Digital Corp,S7K,SK,Saskatoon,Technology,mid,17,130,2017,Prospect,prairiedigital.ca,306-555-6868,"Prairie Digital Corp is a Saskatoon-based software company building digital solutions for the agriculture, mining, and public sector markets in Saskatchewan and Alberta. Key products include precision agriculture data platforms, mine fleet management systems, and e-government services.","Prairie Digital Corp Launches Crop Yield Prediction Engine with USASK Partnership",2024-03-10,https://agrimarketing.com,"Prairie Digital Corp Raises $5.5M from Saskatchewan Government Growth Fund",2024-01-22,https://economy.gov.sk.ca,"Prairie Digital Corp Named Top SK Tech Company by ICT Association",2023-10-01,https://ictam.ca,52.1332,-106.6700,18200,Urban
69,SaskGrain Processors,S7K,SK,Saskatoon,Food & Beverage,large,62,540,2001,Customer,saskgrain.ca,306-555-6969,"SaskGrain Processors is one of Saskatchewan's largest grain handling and specialty crop processing companies, with elevator capacity exceeding 2.8 million bushels and processing lines for lentils, peas, chickpeas, and canola. The company exports to 40+ countries through its global commodity brokerage arm.","SaskGrain Processors Expands Lentil Processing Capacity by 35%",2024-04-02,https://pulsecanada.com,"SaskGrain Processors Signs $45M Supply Agreement with Indian Pulses Board",2024-02-15,https://agrimarketing.com,"SaskGrain Processors Wins Export Achievement Award from Saskatchewan Trade",2023-11-12,https://trade.gov.sk.ca,52.1332,-106.6700,18200,Urban
70,Capital City Health,S4P,SK,Regina,Healthcare,mid,21,195,2014,Customer,capitalcityhealth.ca,306-555-7070,"Capital City Health is a Regina-based primary care and allied health network operating 4 family health clinics and a centralized laboratory services division. The company provides occupational health and employee assistance programs to over 80 corporate clients across Southern Saskatchewan.","Capital City Health Launches AI-Assisted Chronic Disease Management Program",2024-03-15,https://canadianhealthcaretechnology.com,"Capital City Health Opens New East Regina Family Health Centre",2024-01-25,https://reginaleaderpost.com,"Capital City Health Wins Saskatchewan Health Innovation Award",2023-10-18,https://health.gov.sk.ca,50.4452,-104.6189,15800,Urban
71,RegTech Solutions,S4P,SK,Regina,Finance,small,8.9,60,2019,Prospect,regtech.ca,306-555-7171,"RegTech Solutions develops regulatory compliance software for Canadian credit unions, community banks, and agricultural lenders. Its platform automates AML monitoring, FINTRAC reporting, and OSFI stress testing workflows, reducing compliance costs by an average of 40%.","RegTech Solutions Launches FINTRAC 2024 Compliance Module",2024-02-20,https://financialregulation.ca,"RegTech Solutions Partners with Credit Union Central of Saskatchewan",2024-01-08,https://cucsk.com,"RegTech Solutions Named Best FinTech Startup at Saskatchewan ICT Awards",2023-09-10,https://ictawards.ca,50.4452,-104.6189,15800,Urban
72,Atlantic Tech Partners,B3H,NS,Halifax,Technology,mid,19,145,2016,Customer,atlantictech.ca,902-555-7272,"Atlantic Tech Partners is a Halifax-based IT managed services and digital transformation company serving Atlantic Canadian businesses and federal agencies. The company specializes in bilingual (English/French) IT support, cloud migration, and cybersecurity for government and financial services clients.","Atlantic Tech Partners Wins $12M Nova Scotia Digital Government Contract",2024-04-05,https://itworldcanada.com,"Atlantic Tech Partners Receives AWS Advanced Partner Designation",2024-02-10,https://aws.amazon.com,"Atlantic Tech Partners Named Atlantic Canada's Best Tech Employer",2023-10-22,https://atlanticbusinessmag.com,44.6366,-63.5917,24800,Urban
73,Harbour City Finance,B3H,NS,Halifax,Finance,mid,28,210,2012,Customer,harbourcityfinance.ca,902-555-7373,"Harbour City Finance is a Halifax-based commercial lender providing working capital, equipment finance, and real estate bridge loans to Atlantic Canadian SMEs in the fishing, tourism, construction, and technology sectors. The firm manages a $380M loan portfolio with a regional focus.","Harbour City Finance Launches $20M Atlantic Fisheries Lending Program",2024-03-20,https://undercurrentnews.com,"Harbour City Finance Expands to Saint John NB with New Commercial Banking Office",2024-01-28,https://atlanticbusinessmag.com,"Harbour City Finance Named Atlantic Business of the Year – Finance",2023-11-10,https://atlanticbusinessmag.com,44.6366,-63.5917,24800,Urban
74,East Coast Health Care,B3K,NS,Halifax,Healthcare,mid,23,220,2013,Prospect,eastcoasthealth.ca,902-555-7474,"East Coast Health Care is a Halifax-based healthcare staffing and clinical services company providing registered nurses, allied health professionals, and locum physicians to hospitals, clinics, and long-term care facilities across Atlantic Canada on a contract and permanent placement basis.","East Coast Health Care Partners with Nova Scotia Health for Nursing Surge Staffing",2024-03-12,https://nshealth.ca,"East Coast Health Care Launches Mental Health First Responder Training Program",2024-01-18,https://mentalhealthcommission.ca,"East Coast Health Care Named NS Employer of Choice by HR Reporter",2023-09-28,https://hrreporter.com,44.6612,-63.6132,22100,Urban
75,Pier 21 Hospitality,B3K,NS,Halifax,Food & Beverage,small,6.2,75,2018,Customer,pier21hospitality.ca,902-555-7575,"Pier 21 Hospitality operates 3 seafood restaurants and a catering company on Halifax's historic waterfront. The group is celebrated for its sustainable Nova Scotia lobster and seafood menu and has hosted over 500 corporate and wedding events in its waterfront venues.","Pier 21 Hospitality Opens New Catering Facility at Halifax Convention Centre",2024-02-25,https://foodserviceandhospitality.com,"Pier 21 Hospitality Wins Tourism Nova Scotia Hospitality Award",2024-01-10,https://tourismns.ca,"Pier 21 Hospitality Featured in Air Canada's enRoute Magazine",2023-09-05,https://enroutemag.com,44.6612,-63.6132,22100,Urban
76,Tidal Energy NB,E1C,NB,Moncton,Energy,mid,31,260,2009,Customer,tidalenergy.ca,506-555-7676,"Tidal Energy NB is a Moncton-based renewable energy company operating run-of-river hydro and tidal energy projects in the Bay of Fundy. The company holds 4 active generation licenses and has a development pipeline of 120 MW in tidal, wind, and solar projects across New Brunswick.","Tidal Energy NB Commissions 12 MW Bay of Fundy Tidal Array",2024-04-02,https://renewableenergyworld.com,"Tidal Energy NB Signs Power Purchase Agreement with NB Power",2024-02-12,https://nbpower.com,"Tidal Energy NB Wins Clean Energy Award at Atlantic Energy Summit",2023-10-20,https://atlanticenergysummit.com,46.0878,-64.7782,48200,Urban
77,Petitcodiac Logistics,E1C,NB,Moncton,Logistics,small,7.4,88,2016,Prospect,petitcodiac.ca,506-555-7777,"Petitcodiac Logistics is a Moncton-based regional freight carrier and warehousing company serving the Maritimes retail, food, and manufacturing sectors. The company specializes in time-sensitive LTL shipments throughout New Brunswick, Nova Scotia, and Prince Edward Island.","Petitcodiac Logistics Launches Same-Day Maritime Freight Network",2024-03-08,https://canadianshipper.com,"Petitcodiac Logistics Secures Supply Chain Contract with Atlantic Superstore",2024-01-20,https://grocerybusiness.ca,"Petitcodiac Logistics Named Best Small Carrier in Maritime Trucking Survey",2023-08-15,https://canadiantrucking.ca,46.0878,-64.7782,48200,Urban
78,Capital City Software,E3B,NB,Fredericton,Technology,small,5.5,42,2020,Prospect,capitalcitysoftware.ca,506-555-7878,"Capital City Software is a Fredericton-based software development and digital consulting company serving New Brunswick government agencies, healthcare institutions, and Atlantic businesses. The company specializes in open-source modernization, data integration, and citizen-facing digital services.","Capital City Software Wins NB Department of Health Digital Services Contract",2024-03-18,https://gnb.ca,"Capital City Software Partners with Intrusion Inc for Cybersecurity Services",2024-01-22,https://itworldcanada.com,"Capital City Software Named NB New Brunswick Innovation Foundation Rising Star",2023-10-05,https://nbif.ca,45.9636,-66.6431,18900,Urban
79,Atlantica Oil & Gas,A1C,NL,St. John's,Energy,enterprise,290,2100,1997,Customer,atlanticaog.ca,709-555-7979,"Atlantica Oil & Gas is a St. John's-based offshore energy company with interests in the Hibernia, White Rose, and Bay du Nord fields offshore Newfoundland. The company operates as a non-operating working interest partner and provides specialized offshore engineering and well services.","Atlantica Oil & Gas Acquires 12% Working Interest in Bay du Nord Field",2024-04-08,https://rigzone.com,"Atlantica Launches $40M Local Supplier Development Initiative",2024-02-18,https://noia.ca,"Atlantica Oil & Gas Reports Record Annual Production of 28,000 boe/d",2024-01-12,https://cbcnl.ca,47.5615,-52.7126,22800,Urban
80,Signal Hill Technologies,A1C,NL,St. John's,Technology,mid,24,175,2015,Customer,signalhill.ca,709-555-8080,"Signal Hill Technologies is a St. John's software and data company serving the offshore oil & gas, fisheries management, and public safety sectors. The company's core products include vessel tracking platforms, subsea data management systems, and emergency response decision support tools.","Signal Hill Technologies Wins Offshore Marine Technology Award",2024-03-22,https://offshoretechnology.com,"Signal Hill Launches AI Fisheries Quota Management System for DFO",2024-01-28,https://dfo-mpo.gc.ca,"Signal Hill Technologies Named Top Atlantic Tech Company by ACOA",2023-11-15,https://acoa-apeca.gc.ca,47.5615,-52.7126,22800,Urban
81,Island Organics Co,C1A,PE,Charlottetown,Food & Beverage,small,4.2,38,2019,Prospect,islandorganics.ca,902-555-8181,"Island Organics Co is a PEI-based certified organic food company producing potato-derived snack foods, sea vegetable products, and wild blueberry preserves from Prince Edward Island's farming communities. Products are sold at farmers markets, independent grocers, and through its online subscription service.","Island Organics Co Launches PEI Potato Chip Line at Sobeys Atlantic",2024-02-28,https://grocerybusiness.ca,"Island Organics Co Wins PEI Flavour Award for Best Artisan Food Product",2024-01-14,https://peitaste.com,"Island Organics Co Featured on Dragon's Den Canada",2023-09-25,https://cbc.ca,46.2382,-63.1311,24800,Urban
82,PEI Real Estate Trust,C1A,PE,Charlottetown,Real Estate,small,9.6,45,2016,Customer,peirealstate.ca,902-555-8282,"PEI Real Estate Trust is a Charlottetown-based real estate investment company managing a portfolio of commercial, retail, and residential income properties across Prince Edward Island. The trust focuses on Main Street revitalization and tourism property management.","PEI Real Estate Trust Acquires Historic Charlottetown Hotel for Conversion",2024-03-10,https://renx.ca,"PEI Real Estate Trust Launches Tourism Property Fund for Investors",2024-01-15,https://canada.ca,"PEI Real Estate Trust Named PEI Chamber of Commerce Real Estate Company of the Year",2023-08-30,https://peichamber.com,46.2382,-63.1311,24800,Urban
83,Arctic Resources Corp,X1A,NT,Yellowknife,Energy,large,58,420,2005,Customer,arcticresources.ca,867-555-8383,"Arctic Resources Corp is a Yellowknife-based mineral exploration and production company with active diamond, gold, and rare earth projects in the Northwest Territories and Nunavut. The company operates the Falcon Diamond Mine and holds exploration permits for 4.2 million acres of prospective ground.","Arctic Resources Corp Announces Major Gold Discovery at MacKay Lake",2024-04-10,https://mining.com,"Arctic Resources Secures $75M Streaming Agreement with Wheaton Precious Metals",2024-02-20,https://wheatonpm.com,"Arctic Resources Corp Named Top Junior Miner of the Year at PDAC",2024-01-28,https://pdac.ca,62.4540,-114.3718,19800,Urban
84,Northern Logistics NT,X1A,NT,Yellowknife,Logistics,small,6.8,65,2013,Prospect,northernlogistics.ca,867-555-8484,"Northern Logistics NT provides essential freight transportation, fuel distribution, and supply chain services to remote communities, mining operations, and government facilities in the Northwest Territories and Nunavut. The company operates winter road and year-round air cargo services.","Northern Logistics NT Wins Diavik Diamond Mine Supply Contract",2024-03-15,https://miningweekly.com,"Northern Logistics NT Launches Air Cargo Service to 4 New Remote Communities",2024-01-22,https://airtransportnews.ca,"Northern Logistics NT Wins NWT Chamber of Commerce Business of the Year",2023-10-10,https://nwtchamber.com,62.4540,-114.3718,19800,Urban
85,Yukon Tech Ventures,Y1A,YT,Whitehorse,Technology,small,4.1,35,2021,Prospect,yukontech.ca,867-555-8585,"Yukon Tech Ventures is a Whitehorse software development and digital services company helping Yukon businesses and government agencies build digital products. The company specializes in geospatial data platforms, remote community connectivity solutions, and Indigenous language technology tools.","Yukon Tech Ventures Wins ISED Digital Infrastructure Grant for Remote Connectivity",2024-03-05,https://ised-isde.canada.ca,"Yukon Tech Ventures Launches Yukon Indigenous Language App",2024-01-20,https://cbc.ca/north,"Yukon Tech Ventures Named Yukon Chamber of Commerce Young Entrepreneur of the Year",2023-09-12,https://yukonchamber.com,60.7212,-135.0568,28900,Urban
86,Klondike Mining Services,Y1A,YT,Whitehorse,Energy,mid,18,150,2010,Customer,klondikemining.ca,867-555-8686,"Klondike Mining Services provides contract mining, equipment rental, and environmental remediation services to placer and hard rock mining operations throughout Yukon. The company operates a 220-piece heavy equipment fleet and holds Yukon EIA certification for mine site rehabilitation.","Klondike Mining Services Awarded Carmacks Copper Mine Contract",2024-02-22,https://mining.com,"Klondike Mining Services Expands Environmental Remediation Division",2024-01-12,https://miningweekly.com,"Klondike Mining Services Named Yukon Mining Association Contractor of the Year",2023-10-15,https://yukonchamber.com,60.7212,-135.0568,28900,Urban
87,Airdrie Industrial Park,T4B,AB,Airdrie,Manufacturing,large,54,620,2006,Customer,airdrieind.ca,403-555-8787,"Airdrie Industrial Park is a Calgary-region contract manufacturer and industrial park developer providing precision machining, welding fabrication, and light assembly services to Calgary's oil & gas equipment, agricultural implements, and infrastructure construction sectors from a 280,000 sq ft campus.","Airdrie Industrial Park Launches 80,000 sq ft Expansion for EV Component Manufacturing",2024-04-05,https://canadianmanufacturing.com,"Airdrie Industrial Park Wins Rocky View County Business of the Year",2024-02-18,https://rockyviewcounty.ca,"Airdrie Industrial Park Certified to AS9100 Aerospace Manufacturing Standard",2023-11-28,https://sae.org,51.2919,-114.0144,42100,Suburban
88,Sturgeon Valley Health,T8N,AB,St. Albert,Healthcare,mid,29,270,2012,Customer,sturgeonhealth.ca,780-555-8888,"Sturgeon Valley Health is a St. Albert-based private rehabilitation and occupational medicine company operating 4 clinics in the Edmonton north region. The company provides physiotherapy, occupational therapy, neurological rehab, and return-to-work programs, with a specialty in workplace injury management.","Sturgeon Valley Health Opens New Neurological Rehabilitation Centre",2024-03-20,https://healthcarebusiness.com,"Sturgeon Valley Health Launches Virtual Physio Platform Across Alberta",2024-01-25,https://canadianhealthcaretechnology.com,"Sturgeon Valley Health Wins NRHEP Best Rehab Facility Award",2023-10-08,https://nrhep.ca,53.6326,-113.6264,38100,Suburban
89,Limestone City Software,K7L,ON,Kingston,Technology,mid,16,120,2018,Prospect,limestonecity.ca,613-555-8989,"Limestone City Software is a Kingston-based software development company serving university research programs, public health agencies, and municipal governments. The company builds data collection tools, research management platforms, and open government data portals.","Limestone City Software Wins Queen's University Research Data Platform Contract",2024-03-08,https://queensu.ca,"Limestone City Software Launches Open Data Portal for City of Kingston",2024-01-18,https://cityofkingston.ca,"Limestone City Software Named Kingston Economic Development Business of the Year",2023-09-20,https://investkingston.ca,44.2312,-76.4860,38800,Urban
90,Forest City Manufacturing,N6A,ON,London,Manufacturing,enterprise,162,1300,1989,Customer,forestcitymfg.ca,519-555-9090,"Forest City Manufacturing is a London Ontario-based automotive and industrial manufacturer with 35 years of operation, supplying stampings, structural assemblies, and powertrain components to General Motors, Ford, and Stellantis through its tier-1 and tier-2 automotive supply chain.","Forest City Manufacturing Wins $120M Ford F-150 Lightning Component Contract",2024-04-08,https://canadianmanufacturing.com,"Forest City Manufacturing Launches Electric Vehicle Component Transition Program",2024-02-22,https://automotiveworld.com,"Forest City Manufacturing Named APMA Canadian Automotive Supplier of the Year",2023-11-15,https://apma.ca,42.9849,-81.2453,42800,Urban
91,Western Ontario Health,N6A,ON,London,Healthcare,large,69,580,2007,Customer,westernontariohealth.ca,519-555-9191,"Western Ontario Health is a London-based private healthcare company operating diagnostic imaging centres, specialty clinics, and digital health services across Southwestern Ontario. The company performs over 280,000 diagnostic procedures annually in partnership with London Health Sciences Centre.","Western Ontario Health Opens New MRI Centre at Victoria Hospital Campus",2024-03-28,https://healthcarebusiness.com,"Western Ontario Health Launches Remote Diagnostic Imaging for Rural Ontario",2024-02-05,https://canada.ca,"Western Ontario Health Wins OACP Healthcare Innovation Award",2023-10-25,https://oacp.ca,42.9849,-81.2453,42800,Urban
92,Fraser Heights Realty,V1M,BC,Abbotsford,Real Estate,mid,22,95,2017,Prospect,fraserheights.ca,604-555-9292,"Fraser Heights Realty is an Abbotsford-based residential and commercial real estate brokerage serving the Fraser Valley market. The company specializes in new development sales, agricultural land transactions, and commercial leasing in the Mission-to-Chilliwack corridor.","Fraser Heights Realty Launches New Pre-Sale Condo Project in Abbotsford Centre",2024-02-18,https://renx.ca,"Fraser Heights Realty Named Fraser Valley Real Estate Board Top Producer",2024-01-08,https://fvreb.bc.ca,"Fraser Heights Realty Opens New Mission Office to Serve Growing Market",2023-09-12,https://missionrecord.com,49.0579,-122.2592,28700,Suburban
93,Oak Bay Education Trust,V8R,BC,Victoria,Education,mid,14,125,2011,Customer,oakbayedu.ca,250-555-9393,"Oak Bay Education Trust is a Victoria-based independent school foundation and education services organization managing two independent schools and a corporate learning division. The foundation offers academic programs for K-12 students and professional development for businesses in the Greater Victoria area.","Oak Bay Education Trust Launches K-12 STEM Innovation Program",2024-03-15,https://bced.gov.bc.ca,"Oak Bay Education Trust Partners with UVic for Teacher Professional Development",2024-01-25,https://uvic.ca,"Oak Bay Education Trust Named Top Independent School Foundation in BC",2023-10-12,https://isabc.ca,48.4284,-123.3219,19800,Suburban
94,Victoria Harbour Brewing,V9A,BC,Victoria,Food & Beverage,small,3.7,32,2020,Prospect,victoriaharbour.ca,250-555-9494,"Victoria Harbour Brewing is a craft brewery and taproom located in Victoria's industrial harbour district. The brewery focuses on Pacific Northwest-inspired ales, lagers, and seasonal specialties brewed with BC ingredients, sold through its taproom, BCLDB distribution, and on-site growler fills.","Victoria Harbour Brewing Launches New West Coast IPA Series",2024-02-20,https://bcaletrail.ca,"Victoria Harbour Brewing Wins Silver at BC Beer Awards",2024-01-15,https://bcbeerawards.com,"Victoria Harbour Brewing Expands Taproom Seating and Patio",2023-08-05,https://vicnews.com,48.4343,-123.3796,16400,Urban
95,Island Energy Solutions,V8R,BC,Victoria,Energy,mid,26,190,2014,Customer,islandenergy.ca,250-555-9595,"Island Energy Solutions is a Victoria-based clean energy company providing solar installation, battery storage, and energy management systems to residential, commercial, and institutional clients on Vancouver Island and the Gulf Islands. The company has installed over 4,200 systems representing 28 MW of capacity.","Island Energy Solutions Wins $8M BC Hydro Community Battery Storage Contract",2024-04-01,https://renewableenergyworld.com,"Island Energy Solutions Launches Remote Community Microgrid Program",2024-02-08,https://gov.bc.ca,"Island Energy Solutions Named BC Clean Energy Association Installer of the Year",2023-11-20,https://bcsea.org,48.4284,-123.3219,19800,Suburban
96,Superior Forestry Group,P7B,ON,Thunder Bay,Manufacturing,large,61,690,2003,Customer,superiorforestry.ca,807-555-9696,"Superior Forestry Group is a Thunder Bay-based forest products company operating a sawmill, value-added wood products facility, and biomass energy plant. The company harvests and processes over 1.2 million cubic meters of softwood timber annually from Northwestern Ontario Crown forests.","Superior Forestry Group Invests $18M in CLT Mass Timber Production Line",2024-03-25,https://forestindustries.eu,"Superior Forestry Group Secures Long-Term Crown Forest License Renewal",2024-01-28,https://ontario.ca,"Superior Forestry Group Wins Ontario Forest Products Innovation Award",2023-10-18,https://ontario.ca,48.3809,-89.2477,36800,Urban
97,Nickel City Logistics,P3A,ON,Sudbury,Logistics,mid,18,220,2012,Customer,nickelcitylogistics.ca,705-555-9797,"Nickel City Logistics provides specialized mining supply chain and logistics services to nickel, copper, and platinum group metal mining operations across the Sudbury Basin and northern Ontario. Services include underground supply management, chemical transport, and mining equipment mobilization.","Nickel City Logistics Wins Vale Canada Mining Logistics Contract",2024-03-12,https://miningweekly.com,"Nickel City Logistics Launches Battery Material Transport Division for EV Supply Chain",2024-01-22,https://miningmagazine.com,"Nickel City Logistics Named Northern Ontario Business Award Winner",2023-09-28,https://northernontariobusiness.com,46.5197,-80.9733,34200,Urban
98,St-Lawrence Pharma,J4B,QC,Longueuil,Healthcare,large,78,640,2008,Customer,stlawrencepharma.ca,450-555-9898,"St-Lawrence Pharma is a Longueuil-based specialty pharmaceutical company manufacturing and distributing branded and generic medications for the Canadian hospital and retail pharmacy markets. The company operates a Health Canada-licensed GMP manufacturing facility producing injectable and oral solid dosage forms.","St-Lawrence Pharma Receives Health Canada Approval for New Injectable Antibiotic",2024-04-08,https://pharmafile.com,"St-Lawrence Pharma Expands Manufacturing Capacity with $35M Facility Upgrade",2024-02-25,https://pharmaceuticalcommerce.com,"St-Lawrence Pharma Wins Prix du Québec for Pharmaceutical Manufacturing Excellence",2023-11-05,https://gouv.qc.ca,45.5316,-73.4890,28600,Suburban
99,Rive-Sud Development,J4B,QC,Longueuil,Real Estate,mid,33,180,2014,Prospect,rivesud.ca,450-555-9999,"Rive-Sud Development is a Longueuil-based residential and mixed-use developer with projects throughout the South Shore of Montreal. The company focuses on transit-oriented developments near REM and Metro stations, with 2,400 units under development or in pre-approval stages.","Rive-Sud Development Launches 280-Unit REM Station TOD Project in Brossard",2024-03-22,https://renx.ca,"Rive-Sud Development Secures $48M Construction Financing from National Bank",2024-01-30,https://nationalbank.ca,"Rive-Sud Development Wins APCHQ Excellence Award for Residential Development",2023-10-22,https://apchq.com,45.5316,-73.4890,28600,Suburban
100,West Island Innovations,H9W,QC,Beaconsfield,Technology,mid,21,155,2019,Prospect,westisland.ca,514-555-0100,"West Island Innovations is a Montreal West Island-based technology incubator and software company developing smart city, connected mobility, and industrial IoT solutions. The company manages a portfolio of 8 SaaS products serving municipalities, transit agencies, and logistics companies across Quebec and Ontario.","West Island Innovations Launches Smart Parking Platform for Laval Municipalities",2024-03-10,https://smartcitiesworld.net,"West Island Innovations Raises $7M from Fonds de solidarité FTQ",2024-01-25,https://fondsftq.com,"West Island Innovations Named Best Smart City Startup at Montreal InnoVex",2023-09-18,https://innovex.ca,45.4320,-73.8620,19800,Suburban
